CELL,"X (Coord. GEOF.,ITRF92)","Y (Coord. GEOF.,ITRF92)",HUSO,Pob,"X (CCL,ITRF92)","Y (CCL,ITRF92)",UTMZ
29,27,,,,,,
635771,-106.990252,31.081897,7,0,2022321.7742,2120649.0616,13
635772,-106.958936,31.082832,7,0,2025321.7742,2120649.0616,13
635773,-106.927620,31.083761,7,0,2028321.7742,2120649.0616,13
635774,-106.896304,31.084685,7,0,2031321.7742,2120649.0616,13
635775,-106.864987,31.085602,7,0,2034321.7742,2120649.0616,13
635776,-106.833669,31.086514,7,0,2037321.7742,2120649.0616,13
635777,-106.802351,31.087420,7,0,2040321.7742,2120649.0616,13
635778,-106.771033,31.088320,7,0,2043321.7742,2120649.0616,13
635779,-106.739714,31.089214,7,0,2046321.7742,2120649.0616,13
635780,-106.708395,31.090102,7,0,2049321.7742,2120649.0616,13
635781,-106.677075,31.090984,7,0,2052321.7742,2120649.0616,13
635782,-106.645755,31.091860,7,0,2055321.7742,2120649.0616,13
635783,-106.614434,31.092731,7,0,2058321.7742,2120649.0616,13
635784,-106.583113,31.093595,7,0,2061321.7742,2120649.0616,13
635785,-106.551791,31.094454,7,0,2064321.7742,2120649.0616,13
635786,-106.520469,31.095307,7,0,2067321.7742,2120649.0616,13
635787,-106.489147,31.096154,7,0,2070321.7742,2120649.0616,13
635788,-106.457824,31.096995,7,0,2073321.7742,2120649.0616,13
635789,-106.426501,31.097830,7,0,2076321.7742,2120649.0616,13
635790,-106.395177,31.098659,7,0,2079321.7742,2120649.0616,13
635791,-106.363853,31.099482,7,0,2082321.7742,2120649.0616,13
635792,-106.332529,31.100300,7,0,2085321.7742,2120649.0616,13
635793,-106.301204,31.101111,7,0,2088321.7742,2120649.0616,13
635794,-106.269878,31.101917,7,0,2091321.7742,2120649.0616,13
635795,-106.238553,31.102717,7,0,2094321.7742,2120649.0616,13
635796,-106.207226,31.103511,7,0,2097321.7742,2120649.0616,13
635797,-106.175900,31.104299,7,0,2100321.7742,2120649.0616,13
635798,-106.144573,31.105081,7,0,2103321.7742,2120649.0616,13
635799,-106.113246,31.105857,7,0,2106321.7742,2120649.0616,13
636830,-106.991342,31.108848,7,0,2022321.7742,2123649.0616,13
636831,-106.960020,31.109783,7,0,2025321.7742,2123649.0616,13
636832,-106.928697,31.110713,7,0,2028321.7742,2123649.0616,13
636833,-106.897373,31.111636,7,0,2031321.7742,2123649.0616,13
636834,-106.866050,31.112554,7,0,2034321.7742,2123649.0616,13
636835,-106.834725,31.113466,7,0,2037321.7742,2123649.0616,13
636836,-106.803400,31.114372,7,0,2040321.7742,2123649.0616,13
636837,-106.772075,31.115272,7,0,2043321.7742,2123649.0616,13
636838,-106.740750,31.116166,7,0,2046321.7742,2123649.0616,13
636839,-106.709423,31.117054,7,0,2049321.7742,2123649.0616,13
636840,-106.678097,31.117936,7,0,2052321.7742,2123649.0616,13
636841,-106.646770,31.118813,7,0,2055321.7742,2123649.0616,13
636842,-106.615442,31.119683,7,0,2058321.7742,2123649.0616,13
636843,-106.584114,31.120548,7,0,2061321.7742,2123649.0616,13
636844,-106.552786,31.121407,7,0,2064321.7742,2123649.0616,13
636845,-106.521457,31.122260,7,0,2067321.7742,2123649.0616,13
636846,-106.490128,31.123107,7,0,2070321.7742,2123649.0616,13
636847,-106.458798,31.123948,7,0,2073321.7742,2123649.0616,13
636848,-106.427468,31.124783,7,0,2076321.7742,2123649.0616,13
636849,-106.396138,31.125613,7,0,2079321.7742,2123649.0616,13
636850,-106.364807,31.126436,7,0,2082321.7742,2123649.0616,13
636851,-106.333475,31.127254,7,0,2085321.7742,2123649.0616,13
636852,-106.302144,31.128065,7,0,2088321.7742,2123649.0616,13
636853,-106.270811,31.128871,7,0,2091321.7742,2123649.0616,13
636854,-106.239479,31.129671,7,0,2094321.7742,2123649.0616,13
636855,-106.208146,31.130465,7,0,2097321.7742,2123649.0616,13
636856,-106.176812,31.131253,7,0,2100321.7742,2123649.0616,13
636857,-106.145479,31.132036,7,0,2103321.7742,2123649.0616,13
636858,-106.114144,31.132812,7,0,2106321.7742,2123649.0616,13
637889,-106.992433,31.135797,7,0,2022321.7742,2126649.0616,13
637890,-106.961104,31.136732,7,0,2025321.7742,2126649.0616,13
637891,-106.929774,31.137662,7,0,2028321.7742,2126649.0616,13
637892,-106.898444,31.138586,7,0,2031321.7742,2126649.0616,13
637893,-106.867113,31.139504,7,0,2034321.7742,2126649.0616,13
637894,-106.835782,31.140416,7,0,2037321.7742,2126649.0616,13
637895,-106.804450,31.141322,7,0,2040321.7742,2126649.0616,13
637896,-106.773118,31.142222,7,0,2043321.7742,2126649.0616,13
637897,-106.741786,31.143116,7,0,2046321.7742,2126649.0616,13
637898,-106.710453,31.144004,7,0,2049321.7742,2126649.0616,13
637899,-106.679119,31.144887,7,0,2052321.7742,2126649.0616,13
637900,-106.647785,31.145764,7,0,2055321.7742,2126649.0616,13
637901,-106.616451,31.146634,7,0,2058321.7742,2126649.0616,13
637902,-106.585116,31.147499,7,0,2061321.7742,2126649.0616,13
637903,-106.553781,31.148358,7,0,2064321.7742,2126649.0616,13
637904,-106.522445,31.149211,7,0,2067321.7742,2126649.0616,13
637905,-106.491109,31.150058,7,0,2070321.7742,2126649.0616,13
637906,-106.459773,31.150900,7,0,2073321.7742,2126649.0616,13
637907,-106.428436,31.151735,7,0,2076321.7742,2126649.0616,13
637908,-106.397098,31.152564,7,0,2079321.7742,2126649.0616,13
637909,-106.365761,31.153388,7,0,2082321.7742,2126649.0616,13
637910,-106.334423,31.154206,7,0,2085321.7742,2126649.0616,13
637911,-106.303084,31.155018,7,0,2088321.7742,2126649.0616,13
637912,-106.271745,31.155824,7,0,2091321.7742,2126649.0616,13
637913,-106.240405,31.156624,7,0,2094321.7742,2126649.0616,13
637914,-106.209066,31.157418,7,0,2097321.7742,2126649.0616,13
637915,-106.177725,31.158206,7,0,2100321.7742,2126649.0616,13
637916,-106.146385,31.158988,7,0,2103321.7742,2126649.0616,13
637917,-106.115044,31.159765,7,0,2106321.7742,2126649.0616,13
638948,-106.993524,31.162744,7,0,2022321.7742,2129649.0616,13
638949,-106.962188,31.163680,7,0,2025321.7742,2129649.0616,13
638950,-106.930851,31.164610,7,0,2028321.7742,2129649.0616,13
638951,-106.899514,31.165534,7,0,2031321.7742,2129649.0616,13
638952,-106.868177,31.166452,7,0,2034321.7742,2129649.0616,13
638953,-106.836839,31.167364,7,0,2037321.7742,2129649.0616,13
638954,-106.805500,31.168270,7,0,2040321.7742,2129649.0616,13
638955,-106.774162,31.169170,7,0,2043321.7742,2129649.0616,13
638956,-106.742822,31.170065,7,0,2046321.7742,2129649.0616,13
638957,-106.711482,31.170953,7,0,2049321.7742,2129649.0616,13
638958,-106.680142,31.171836,7,0,2052321.7742,2129649.0616,13
638959,-106.648801,31.172712,7,0,2055321.7742,2129649.0616,13
638960,-106.617460,31.173583,7,0,2058321.7742,2129649.0616,13
638961,-106.586119,31.174448,7,0,2061321.7742,2129649.0616,13
638962,-106.554776,31.175307,7,0,2064321.7742,2129649.0616,13
638963,-106.523434,31.176161,7,0,2067321.7742,2129649.0616,13
638964,-106.492091,31.177008,7,7,2070321.7742,2129649.0616,13
638965,-106.460748,31.177849,7,0,2073321.7742,2129649.0616,13
638966,-106.429404,31.178685,7,0,2076321.7742,2129649.0616,13
638967,-106.398060,31.179514,7,0,2079321.7742,2129649.0616,13
638968,-106.366715,31.180338,7,0,2082321.7742,2129649.0616,13
638969,-106.335370,31.181156,7,0,2085321.7742,2129649.0616,13
638970,-106.304025,31.181968,7,0,2088321.7742,2129649.0616,13
638971,-106.272679,31.182774,7,0,2091321.7742,2129649.0616,13
638972,-106.241333,31.183574,7,0,2094321.7742,2129649.0616,13
638973,-106.209986,31.184368,7,0,2097321.7742,2129649.0616,13
638974,-106.178639,31.185157,7,0,2100321.7742,2129649.0616,13
638975,-106.147291,31.185939,7,0,2103321.7742,2129649.0616,13
638976,-106.115943,31.186716,7,0,2106321.7742,2129649.0616,13
640007,-106.994616,31.189690,7,0,2022321.7742,2132649.0616,13
640008,-106.963273,31.190626,7,0,2025321.7742,2132649.0616,13
640009,-106.931930,31.191556,7,0,2028321.7742,2132649.0616,13
640010,-106.900586,31.192480,7,0,2031321.7742,2132649.0616,13
640011,-106.869241,31.193398,7,0,2034321.7742,2132649.0616,13
640012,-106.837896,31.194310,7,0,2037321.7742,2132649.0616,13
640013,-106.806551,31.195216,7,0,2040321.7742,2132649.0616,13
640014,-106.775205,31.196117,7,0,2043321.7742,2132649.0616,13
640015,-106.743859,31.197011,7,0,2046321.7742,2132649.0616,13
640016,-106.712512,31.197900,7,0,2049321.7742,2132649.0616,13
640017,-106.681165,31.198783,7,0,2052321.7742,2132649.0616,13
640018,-106.649818,31.199660,7,0,2055321.7742,2132649.0616,13
640019,-106.618470,31.200531,7,0,2058321.7742,2132649.0616,13
640020,-106.587121,31.201396,7,0,2061321.7742,2132649.0616,13
640021,-106.555772,31.202255,7,0,2064321.7742,2132649.0616,13
640022,-106.524423,31.203108,7,1,2067321.7742,2132649.0616,13
640023,-106.493073,31.203956,7,0,2070321.7742,2132649.0616,13
640024,-106.461723,31.204797,7,0,2073321.7742,2132649.0616,13
640025,-106.430373,31.205633,7,0,2076321.7742,2132649.0616,13
640026,-106.399021,31.206462,7,0,2079321.7742,2132649.0616,13
640027,-106.367670,31.207286,7,0,2082321.7742,2132649.0616,13
640028,-106.336318,31.208104,7,0,2085321.7742,2132649.0616,13
640029,-106.304966,31.208916,7,0,2088321.7742,2132649.0616,13
640030,-106.273613,31.209722,7,0,2091321.7742,2132649.0616,13
640031,-106.242260,31.210523,7,0,2094321.7742,2132649.0616,13
640032,-106.210907,31.211317,7,0,2097321.7742,2132649.0616,13
640033,-106.179553,31.212106,7,0,2100321.7742,2132649.0616,13
640034,-106.148198,31.212888,7,0,2103321.7742,2132649.0616,13
640035,-106.116844,31.213665,7,0,2106321.7742,2132649.0616,13
641066,-106.995708,31.216634,7,0,2022321.7742,2135649.0616,13
641067,-106.964358,31.217569,7,0,2025321.7742,2135649.0616,13
641068,-106.933008,31.218500,7,0,2028321.7742,2135649.0616,13
641069,-106.901657,31.219424,7,0,2031321.7742,2135649.0616,13
641070,-106.870306,31.220342,7,0,2034321.7742,2135649.0616,13
641071,-106.838954,31.221254,7,0,2037321.7742,2135649.0616,13
641072,-106.807602,31.222161,7,0,2040321.7742,2135649.0616,13
641073,-106.776250,31.223061,7,0,2043321.7742,2135649.0616,13
641074,-106.744897,31.223956,7,0,2046321.7742,2135649.0616,13
641075,-106.713543,31.224845,7,0,2049321.7742,2135649.0616,13
641076,-106.682189,31.225728,7,0,2052321.7742,2135649.0616,13
641077,-106.650835,31.226605,7,0,2055321.7742,2135649.0616,13
641078,-106.619480,31.227476,7,4,2058321.7742,2135649.0616,13
641079,-106.588125,31.228341,7,0,2061321.7742,2135649.0616,13
641080,-106.556769,31.229200,7,0,2064321.7742,2135649.0616,13
641081,-106.525413,31.230054,7,0,2067321.7742,2135649.0616,13
641082,-106.494056,31.230901,7,10,2070321.7742,2135649.0616,13
641083,-106.462699,31.231743,7,0,2073321.7742,2135649.0616,13
641084,-106.431341,31.232579,7,0,2076321.7742,2135649.0616,13
641085,-106.399984,31.233409,7,0,2079321.7742,2135649.0616,13
641086,-106.368625,31.234233,7,0,2082321.7742,2135649.0616,13
641087,-106.337267,31.235051,7,0,2085321.7742,2135649.0616,13
641088,-106.305907,31.235863,7,0,2088321.7742,2135649.0616,13
641089,-106.274548,31.236669,7,0,2091321.7742,2135649.0616,13
641090,-106.243188,31.237469,7,0,2094321.7742,2135649.0616,13
641091,-106.211828,31.238264,7,0,2097321.7742,2135649.0616,13
641092,-106.180467,31.239053,7,0,2100321.7742,2135649.0616,13
641093,-106.149106,31.239835,7,0,2103321.7742,2135649.0616,13
641094,-106.117744,31.240612,7,0,2106321.7742,2135649.0616,13
642125,-106.996801,31.243575,7,0,2022321.7742,2138649.0616,13
642126,-106.965444,31.244511,7,0,2025321.7742,2138649.0616,13
642127,-106.934087,31.245442,7,0,2028321.7742,2138649.0616,13
642128,-106.902729,31.246366,7,0,2031321.7742,2138649.0616,13
642129,-106.871371,31.247284,7,0,2034321.7742,2138649.0616,13
642130,-106.840013,31.248197,7,0,2037321.7742,2138649.0616,13
642131,-106.808654,31.249103,7,0,2040321.7742,2138649.0616,13
642132,-106.777294,31.250004,7,0,2043321.7742,2138649.0616,13
642133,-106.745934,31.250899,7,0,2046321.7742,2138649.0616,13
642134,-106.714574,31.251788,7,1,2049321.7742,2138649.0616,13
642135,-106.683213,31.252671,7,0,2052321.7742,2138649.0616,13
642136,-106.651852,31.253548,7,0,2055321.7742,2138649.0616,13
642137,-106.620490,31.254419,7,0,2058321.7742,2138649.0616,13
642138,-106.589128,31.255285,7,0,2061321.7742,2138649.0616,13
642139,-106.557766,31.256144,7,0,2064321.7742,2138649.0616,13
642140,-106.526403,31.256998,7,0,2067321.7742,2138649.0616,13
642141,-106.495039,31.257845,7,0,2070321.7742,2138649.0616,13
642142,-106.463675,31.258687,7,0,2073321.7742,2138649.0616,13
642143,-106.432311,31.259523,7,0,2076321.7742,2138649.0616,13
642144,-106.400946,31.260353,7,0,2079321.7742,2138649.0616,13
642145,-106.369581,31.261177,7,0,2082321.7742,2138649.0616,13
642146,-106.338215,31.261995,7,0,2085321.7742,2138649.0616,13
642147,-106.306849,31.262807,7,0,2088321.7742,2138649.0616,13
642148,-106.275483,31.263614,7,0,2091321.7742,2138649.0616,13
642149,-106.244116,31.264414,7,0,2094321.7742,2138649.0616,13
642150,-106.212749,31.265209,7,0,2097321.7742,2138649.0616,13
642151,-106.181381,31.265998,7,0,2100321.7742,2138649.0616,13
642152,-106.150013,31.266781,7,0,2103321.7742,2138649.0616,13
642153,-106.118645,31.267558,7,0,2106321.7742,2138649.0616,13
643184,-106.997894,31.270515,7,0,2022321.7742,2141649.0616,13
643185,-106.966530,31.271451,7,0,2025321.7742,2141649.0616,13
643186,-106.935166,31.272382,7,0,2028321.7742,2141649.0616,13
643187,-106.903802,31.273306,7,0,2031321.7742,2141649.0616,13
643188,-106.872437,31.274225,7,0,2034321.7742,2141649.0616,13
643189,-106.841072,31.275137,7,0,2037321.7742,2141649.0616,13
643190,-106.809706,31.276044,7,0,2040321.7742,2141649.0616,13
643191,-106.778340,31.276945,7,0,2043321.7742,2141649.0616,13
643192,-106.746973,31.277840,7,2,2046321.7742,2141649.0616,13
643193,-106.715606,31.278729,7,0,2049321.7742,2141649.0616,13
643194,-106.684238,31.279612,7,0,2052321.7742,2141649.0616,13
643195,-106.652870,31.280489,7,0,2055321.7742,2141649.0616,13
643196,-106.621501,31.281361,7,0,2058321.7742,2141649.0616,13
643197,-106.590132,31.282226,7,0,2061321.7742,2141649.0616,13
643198,-106.558763,31.283086,7,0,2064321.7742,2141649.0616,13
643199,-106.527393,31.283940,7,0,2067321.7742,2141649.0616,13
643200,-106.496023,31.284787,7,1,2070321.7742,2141649.0616,13
643201,-106.464652,31.285629,7,0,2073321.7742,2141649.0616,13
643202,-106.433281,31.286465,7,0,2076321.7742,2141649.0616,13
643203,-106.401909,31.287295,7,0,2079321.7742,2141649.0616,13
643204,-106.370537,31.288120,7,0,2082321.7742,2141649.0616,13
643205,-106.339165,31.288938,7,0,2085321.7742,2141649.0616,13
643206,-106.307792,31.289750,7,0,2088321.7742,2141649.0616,13
643207,-106.276419,31.290557,7,0,2091321.7742,2141649.0616,13
643208,-106.245045,31.291357,7,0,2094321.7742,2141649.0616,13
643209,-106.213671,31.292152,7,0,2097321.7742,2141649.0616,13
643210,-106.182296,31.292941,7,0,2100321.7742,2141649.0616,13
643211,-106.150921,31.293724,7,0,2103321.7742,2141649.0616,13
643212,-106.119546,31.294501,7,0,2106321.7742,2141649.0616,13
644243,-106.998988,31.297453,7,0,2022321.7742,2144649.0616,13
644244,-106.967617,31.298390,7,0,2025321.7742,2144649.0616,13
644245,-106.936246,31.299320,7,0,2028321.7742,2144649.0616,13
644246,-106.904875,31.300245,7,0,2031321.7742,2144649.0616,13
644247,-106.873503,31.301163,7,0,2034321.7742,2144649.0616,13
644248,-106.842131,31.302076,7,0,2037321.7742,2144649.0616,13
644249,-106.810758,31.302983,7,0,2040321.7742,2144649.0616,13
644250,-106.779385,31.303884,7,0,2043321.7742,2144649.0616,13
644251,-106.748012,31.304779,7,0,2046321.7742,2144649.0616,13
644252,-106.716638,31.305668,7,0,2049321.7742,2144649.0616,13
644253,-106.685263,31.306552,7,0,2052321.7742,2144649.0616,13
644254,-106.653888,31.307429,7,0,2055321.7742,2144649.0616,13
644255,-106.622513,31.308300,7,0,2058321.7742,2144649.0616,13
644256,-106.591137,31.309166,7,0,2061321.7742,2144649.0616,13
644257,-106.559760,31.310026,7,0,2064321.7742,2144649.0616,13
644258,-106.528384,31.310880,7,0,2067321.7742,2144649.0616,13
644259,-106.497007,31.311727,7,0,2070321.7742,2144649.0616,13
644260,-106.465629,31.312569,7,1,2073321.7742,2144649.0616,13
644261,-106.434251,31.313406,7,0,2076321.7742,2144649.0616,13
644262,-106.402873,31.314236,7,0,2079321.7742,2144649.0616,13
644263,-106.371494,31.315060,7,0,2082321.7742,2144649.0616,13
644264,-106.340114,31.315879,7,0,2085321.7742,2144649.0616,13
644265,-106.308735,31.316691,7,0,2088321.7742,2144649.0616,13
644266,-106.277355,31.317498,7,0,2091321.7742,2144649.0616,13
644267,-106.245974,31.318299,7,0,2094321.7742,2144649.0616,13
644268,-106.214593,31.319093,7,0,2097321.7742,2144649.0616,13
644269,-106.183212,31.319882,7,0,2100321.7742,2144649.0616,13
644270,-106.151830,31.320665,7,0,2103321.7742,2144649.0616,13
644271,-106.120448,31.321443,7,0,2106321.7742,2144649.0616,13
645302,-107.000082,31.324389,7,0,2022321.7742,2147649.0616,13
645303,-106.968704,31.325326,7,0,2025321.7742,2147649.0616,13
645304,-106.937327,31.326257,7,0,2028321.7742,2147649.0616,13
645305,-106.905949,31.327181,7,0,2031321.7742,2147649.0616,13
645306,-106.874570,31.328100,7,0,2034321.7742,2147649.0616,13
645307,-106.843191,31.329013,7,0,2037321.7742,2147649.0616,13
645308,-106.811811,31.329920,7,0,2040321.7742,2147649.0616,13
645309,-106.780431,31.330821,7,0,2043321.7742,2147649.0616,13
645310,-106.749051,31.331716,7,0,2046321.7742,2147649.0616,13
645311,-106.717670,31.332606,7,0,2049321.7742,2147649.0616,13
645312,-106.686289,31.333489,7,0,2052321.7742,2147649.0616,13
645313,-106.654907,31.334367,7,0,2055321.7742,2147649.0616,13
645314,-106.623524,31.335238,7,0,2058321.7742,2147649.0616,13
645315,-106.592142,31.336104,7,0,2061321.7742,2147649.0616,13
645316,-106.560759,31.336964,7,0,2064321.7742,2147649.0616,13
645317,-106.529375,31.337818,7,0,2067321.7742,2147649.0616,13
645318,-106.497991,31.338666,7,66,2070321.7742,2147649.0616,13
645319,-106.466607,31.339508,7,1506,2073321.7742,2147649.0616,13
645320,-106.435222,31.340344,7,0,2076321.7742,2147649.0616,13
645321,-106.403836,31.341174,7,0,2079321.7742,2147649.0616,13
645322,-106.372451,31.341999,7,0,2082321.7742,2147649.0616,13
645323,-106.341064,31.342818,7,0,2085321.7742,2147649.0616,13
645324,-106.309678,31.343630,7,0,2088321.7742,2147649.0616,13
645325,-106.278291,31.344437,7,0,2091321.7742,2147649.0616,13
645326,-106.246904,31.345238,7,0,2094321.7742,2147649.0616,13
645327,-106.215516,31.346033,7,0,2097321.7742,2147649.0616,13
645328,-106.184128,31.346822,7,0,2100321.7742,2147649.0616,13
645329,-106.152739,31.347605,7,0,2103321.7742,2147649.0616,13
645330,-106.121350,31.348382,7,0,2106321.7742,2147649.0616,13
646361,-107.001176,31.351324,7,0,2022321.7742,2150649.0616,13
646362,-106.969792,31.352260,7,0,2025321.7742,2150649.0616,13
646363,-106.938408,31.353191,7,0,2028321.7742,2150649.0616,13
646364,-106.907023,31.354116,7,0,2031321.7742,2150649.0616,13
646365,-106.875637,31.355035,7,0,2034321.7742,2150649.0616,13
646366,-106.844251,31.355948,7,0,2037321.7742,2150649.0616,13
646367,-106.812865,31.356855,7,0,2040321.7742,2150649.0616,13
646368,-106.781478,31.357756,7,0,2043321.7742,2150649.0616,13
646369,-106.750091,31.358652,7,0,2046321.7742,2150649.0616,13
646370,-106.718703,31.359541,7,0,2049321.7742,2150649.0616,13
646371,-106.687315,31.360425,7,0,2052321.7742,2150649.0616,13
646372,-106.655926,31.361302,7,0,2055321.7742,2150649.0616,13
646373,-106.624537,31.362174,7,0,2058321.7742,2150649.0616,13
646374,-106.593147,31.363040,7,0,2061321.7742,2150649.0616,13
646375,-106.561757,31.363900,7,0,2064321.7742,2150649.0616,13
646376,-106.530367,31.364754,7,4,2067321.7742,2150649.0616,13
646377,-106.498976,31.365602,7,0,2070321.7742,2150649.0616,13
646378,-106.467584,31.366444,7,22,2073321.7742,2150649.0616,13
646379,-106.436193,31.367281,7,26,2076321.7742,2150649.0616,13
646380,-106.404801,31.368111,7,0,2079321.7742,2150649.0616,13
646381,-106.373408,31.368936,7,0,2082321.7742,2150649.0616,13
646382,-106.342015,31.369755,7,0,2085321.7742,2150649.0616,13
646383,-106.310622,31.370567,7,0,2088321.7742,2150649.0616,13
646384,-106.279228,31.371374,7,0,2091321.7742,2150649.0616,13
646385,-106.247833,31.372175,7,0,2094321.7742,2150649.0616,13
646386,-106.216439,31.372970,7,0,2097321.7742,2150649.0616,13
646387,-106.185044,31.373759,7,0,2100321.7742,2150649.0616,13
646388,-106.153648,31.374543,7,0,2103321.7742,2150649.0616,13
646389,-106.122252,31.375320,7,0,2106321.7742,2150649.0616,13
647420,-107.002271,31.378256,7,0,2022321.7742,2153649.0616,13
647421,-106.970880,31.379193,7,0,2025321.7742,2153649.0616,13
647422,-106.939489,31.380124,7,0,2028321.7742,2153649.0616,13
647423,-106.908097,31.381049,7,0,2031321.7742,2153649.0616,13
647424,-106.876705,31.381968,7,0,2034321.7742,2153649.0616,13
647425,-106.845312,31.382881,7,0,2037321.7742,2153649.0616,13
647426,-106.813919,31.383788,7,0,2040321.7742,2153649.0616,13
647427,-106.782525,31.384690,7,5,2043321.7742,2153649.0616,13
647428,-106.751131,31.385585,7,0,2046321.7742,2153649.0616,13
647429,-106.719736,31.386475,7,0,2049321.7742,2153649.0616,13
647430,-106.688341,31.387358,7,1,2052321.7742,2153649.0616,13
647431,-106.656945,31.388236,7,0,2055321.7742,2153649.0616,13
647432,-106.625549,31.389108,7,0,2058321.7742,2153649.0616,13
647433,-106.594153,31.389974,7,4,2061321.7742,2153649.0616,13
647434,-106.562756,31.390834,7,0,2064321.7742,2153649.0616,13
647435,-106.531359,31.391688,7,0,2067321.7742,2153649.0616,13
647436,-106.499961,31.392537,7,0,2070321.7742,2153649.0616,13
647437,-106.468563,31.393379,7,0,2073321.7742,2153649.0616,13
647438,-106.437164,31.394215,7,8,2076321.7742,2153649.0616,13
647439,-106.405765,31.395046,7,0,2079321.7742,2153649.0616,13
647440,-106.374366,31.395871,7,0,2082321.7742,2153649.0616,13
647441,-106.342966,31.396690,7,0,2085321.7742,2153649.0616,13
647442,-106.311566,31.397502,7,0,2088321.7742,2153649.0616,13
647443,-106.280165,31.398310,7,0,2091321.7742,2153649.0616,13
647444,-106.248764,31.399111,7,0,2094321.7742,2153649.0616,13
647445,-106.217362,31.399906,7,0,2097321.7742,2153649.0616,13
647446,-106.185960,31.400695,7,0,2100321.7742,2153649.0616,13
647447,-106.154558,31.401479,7,0,2103321.7742,2153649.0616,13
647448,-106.123155,31.402256,7,0,2106321.7742,2153649.0616,13
648479,-107.003367,31.405187,7,0,2022321.7742,2156649.0616,13
648480,-106.971969,31.406123,7,0,2025321.7742,2156649.0616,13
648481,-106.940571,31.407054,7,0,2028321.7742,2156649.0616,13
648482,-106.909172,31.407980,7,0,2031321.7742,2156649.0616,13
648483,-106.877773,31.408899,7,0,2034321.7742,2156649.0616,13
648484,-106.846373,31.409812,7,0,2037321.7742,2156649.0616,13
648485,-106.814973,31.410719,7,0,2040321.7742,2156649.0616,13
648486,-106.783572,31.411621,7,0,2043321.7742,2156649.0616,13
648487,-106.752171,31.412517,7,0,2046321.7742,2156649.0616,13
648488,-106.720770,31.413406,7,0,2049321.7742,2156649.0616,13
648489,-106.689368,31.414290,7,0,2052321.7742,2156649.0616,13
648490,-106.657966,31.415168,7,0,2055321.7742,2156649.0616,13
648491,-106.626563,31.416040,7,0,2058321.7742,2156649.0616,13
648492,-106.595159,31.416906,7,0,2061321.7742,2156649.0616,13
648493,-106.563756,31.417766,7,0,2064321.7742,2156649.0616,13
648494,-106.532351,31.418621,7,0,2067321.7742,2156649.0616,13
648495,-106.500947,31.419469,7,0,2070321.7742,2156649.0616,13
648496,-106.469542,31.420312,7,25,2073321.7742,2156649.0616,13
648497,-106.438136,31.421148,7,0,2076321.7742,2156649.0616,13
648498,-106.406730,31.421979,7,0,2079321.7742,2156649.0616,13
648499,-106.375324,31.422804,7,0,2082321.7742,2156649.0616,13
648500,-106.343917,31.423623,7,0,2085321.7742,2156649.0616,13
648501,-106.312510,31.424436,7,0,2088321.7742,2156649.0616,13
648502,-106.281102,31.425243,7,0,2091321.7742,2156649.0616,13
648503,-106.249694,31.426044,7,0,2094321.7742,2156649.0616,13
648504,-106.218286,31.426839,7,0,2097321.7742,2156649.0616,13
648505,-106.186877,31.427629,7,0,2100321.7742,2156649.0616,13
648506,-106.155468,31.428412,7,0,2103321.7742,2156649.0616,13
648507,-106.124058,31.429190,7,0,2106321.7742,2156649.0616,13
649538,-107.004463,31.432115,7,0,2022321.7742,2159649.0616,13
649539,-106.973058,31.433052,7,0,2025321.7742,2159649.0616,13
649540,-106.941653,31.433983,7,0,2028321.7742,2159649.0616,13
649541,-106.910248,31.434908,7,0,2031321.7742,2159649.0616,13
649542,-106.878841,31.435828,7,0,2034321.7742,2159649.0616,13
649543,-106.847435,31.436741,7,0,2037321.7742,2159649.0616,13
649544,-106.816028,31.437649,7,0,2040321.7742,2159649.0616,13
649545,-106.784620,31.438550,7,0,2043321.7742,2159649.0616,13
649546,-106.753212,31.439446,7,0,2046321.7742,2159649.0616,13
649547,-106.721804,31.440336,7,0,2049321.7742,2159649.0616,13
649548,-106.690395,31.441220,7,0,2052321.7742,2159649.0616,13
649549,-106.658986,31.442098,7,0,2055321.7742,2159649.0616,13
649550,-106.627576,31.442970,7,0,2058321.7742,2159649.0616,13
649551,-106.596166,31.443836,7,0,2061321.7742,2159649.0616,13
649552,-106.564755,31.444697,7,0,2064321.7742,2159649.0616,13
649553,-106.533344,31.445551,7,0,2067321.7742,2159649.0616,13
649554,-106.501933,31.446400,7,0,2070321.7742,2159649.0616,13
649555,-106.470521,31.447242,7,0,2073321.7742,2159649.0616,13
649556,-106.439109,31.448079,7,0,2076321.7742,2159649.0616,13
649557,-106.407696,31.448910,7,0,2079321.7742,2159649.0616,13
649558,-106.376283,31.449735,7,0,2082321.7742,2159649.0616,13
649559,-106.344869,31.450554,7,0,2085321.7742,2159649.0616,13
649560,-106.313455,31.451367,7,0,2088321.7742,2159649.0616,13
649561,-106.282040,31.452174,7,0,2091321.7742,2159649.0616,13
649562,-106.250626,31.452976,7,0,2094321.7742,2159649.0616,13
649563,-106.219210,31.453771,7,0,2097321.7742,2159649.0616,13
649564,-106.187795,31.454561,7,727,2100321.7742,2159649.0616,13
649565,-106.156379,31.455344,7,0,2103321.7742,2159649.0616,13
649566,-106.124962,31.456122,7,0,2106321.7742,2159649.0616,13
650597,-107.005559,31.459042,7,0,2022321.7742,2162649.0616,13
650598,-106.974148,31.459979,7,0,2025321.7742,2162649.0616,13
650599,-106.942736,31.460910,7,0,2028321.7742,2162649.0616,13
650600,-106.911323,31.461835,7,0,2031321.7742,2162649.0616,13
650601,-106.879910,31.462755,7,0,2034321.7742,2162649.0616,13
650602,-106.848497,31.463669,7,0,2037321.7742,2162649.0616,13
650603,-106.817083,31.464576,7,0,2040321.7742,2162649.0616,13
650604,-106.785669,31.465478,7,0,2043321.7742,2162649.0616,13
650605,-106.754254,31.466374,7,0,2046321.7742,2162649.0616,13
650606,-106.722839,31.467264,7,0,2049321.7742,2162649.0616,13
650607,-106.691423,31.468148,7,0,2052321.7742,2162649.0616,13
650608,-106.660007,31.469026,7,0,2055321.7742,2162649.0616,13
650609,-106.628590,31.469898,7,0,2058321.7742,2162649.0616,13
650610,-106.597173,31.470765,7,0,2061321.7742,2162649.0616,13
650611,-106.565756,31.471625,7,0,2064321.7742,2162649.0616,13
650612,-106.534338,31.472480,7,0,2067321.7742,2162649.0616,13
650613,-106.502919,31.473328,7,0,2070321.7742,2162649.0616,13
650614,-106.471501,31.474171,7,0,2073321.7742,2162649.0616,13
650615,-106.440081,31.475008,7,0,2076321.7742,2162649.0616,13
650616,-106.408662,31.475839,7,0,2079321.7742,2162649.0616,13
650617,-106.377242,31.476664,7,0,2082321.7742,2162649.0616,13
650618,-106.345821,31.477483,7,0,2085321.7742,2162649.0616,13
650619,-106.314400,31.478297,7,0,2088321.7742,2162649.0616,13
650620,-106.282979,31.479104,7,0,2091321.7742,2162649.0616,13
650621,-106.251557,31.479905,7,0,2094321.7742,2162649.0616,13
650622,-106.220135,31.480701,7,745,2097321.7742,2162649.0616,13
650623,-106.188712,31.481491,7,0,2100321.7742,2162649.0616,13
650624,-106.157289,31.482274,7,0,2103321.7742,2162649.0616,13
650625,-106.125866,31.483052,7,0,2106321.7742,2162649.0616,13
651656,-107.006656,31.485966,7,0,2022321.7742,2165649.0616,13
651657,-106.975238,31.486904,7,0,2025321.7742,2165649.0616,13
651658,-106.943819,31.487835,7,0,2028321.7742,2165649.0616,13
651659,-106.912400,31.488761,7,0,2031321.7742,2165649.0616,13
651660,-106.880980,31.489680,7,0,2034321.7742,2165649.0616,13
651661,-106.849560,31.490594,7,0,2037321.7742,2165649.0616,13
651662,-106.818139,31.491502,7,0,2040321.7742,2165649.0616,13
651663,-106.786718,31.492404,7,0,2043321.7742,2165649.0616,13
651664,-106.755296,31.493300,7,0,2046321.7742,2165649.0616,13
651665,-106.723874,31.494190,7,0,2049321.7742,2165649.0616,13
651666,-106.692451,31.495074,7,0,2052321.7742,2165649.0616,13
651667,-106.661028,31.495952,7,0,2055321.7742,2165649.0616,13
651668,-106.629605,31.496825,7,0,2058321.7742,2165649.0616,13
651669,-106.598181,31.497691,7,0,2061321.7742,2165649.0616,13
651670,-106.566756,31.498552,7,0,2064321.7742,2165649.0616,13
651671,-106.535332,31.499406,7,0,2067321.7742,2165649.0616,13
651672,-106.503906,31.500255,7,0,2070321.7742,2165649.0616,13
651673,-106.472481,31.501098,7,333,2073321.7742,2165649.0616,13
651674,-106.441055,31.501935,7,0,2076321.7742,2165649.0616,13
651675,-106.409628,31.502766,7,0,2079321.7742,2165649.0616,13
651676,-106.378201,31.503591,7,0,2082321.7742,2165649.0616,13
651677,-106.346774,31.504411,7,0,2085321.7742,2165649.0616,13
651678,-106.315346,31.505224,7,0,2088321.7742,2165649.0616,13
651679,-106.283918,31.506032,7,0,2091321.7742,2165649.0616,13
651680,-106.252489,31.506833,7,1359,2094321.7742,2165649.0616,13
651681,-106.221060,31.507629,7,0,2097321.7742,2165649.0616,13
651682,-106.189631,31.508419,7,0,2100321.7742,2165649.0616,13
651683,-106.158201,31.509203,7,0,2103321.7742,2165649.0616,13
651684,-106.126771,31.509981,7,0,2106321.7742,2165649.0616,13
652715,-107.007754,31.512889,7,0,2022321.7742,2168649.0616,13
652716,-106.976329,31.513827,7,0,2025321.7742,2168649.0616,13
652717,-106.944903,31.514758,7,0,2028321.7742,2168649.0616,13
652718,-106.913477,31.515684,7,0,2031321.7742,2168649.0616,13
652719,-106.882050,31.516603,7,0,2034321.7742,2168649.0616,13
652720,-106.850623,31.517517,7,0,2037321.7742,2168649.0616,13
652721,-106.819195,31.518425,7,0,2040321.7742,2168649.0616,13
652722,-106.787767,31.519327,7,0,2043321.7742,2168649.0616,13
652723,-106.756338,31.520223,7,0,2046321.7742,2168649.0616,13
652724,-106.724909,31.521114,7,0,2049321.7742,2168649.0616,13
652725,-106.693480,31.521998,7,0,2052321.7742,2168649.0616,13
652726,-106.662050,31.522876,7,4,2055321.7742,2168649.0616,13
652727,-106.630620,31.523749,7,0,2058321.7742,2168649.0616,13
652728,-106.599189,31.524616,7,0,2061321.7742,2168649.0616,13
652729,-106.567758,31.525476,7,0,2064321.7742,2168649.0616,13
652730,-106.536326,31.526331,7,0,2067321.7742,2168649.0616,13
652731,-106.504894,31.527180,7,0,2070321.7742,2168649.0616,13
652732,-106.473461,31.528023,7,0,2073321.7742,2168649.0616,13
652733,-106.442028,31.528860,7,0,2076321.7742,2168649.0616,13
652734,-106.410595,31.529691,7,0,2079321.7742,2168649.0616,13
652735,-106.379161,31.530517,7,2955,2082321.7742,2168649.0616,13
652736,-106.347727,31.531336,7,4916,2085321.7742,2168649.0616,13
652737,-106.316292,31.532150,7,0,2088321.7742,2168649.0616,13
652738,-106.284857,31.532957,7,1862,2091321.7742,2168649.0616,13
652739,-106.253421,31.533759,7,0,2094321.7742,2168649.0616,13
652740,-106.221986,31.534555,7,0,2097321.7742,2168649.0616,13
652741,-106.190549,31.535345,7,0,2100321.7742,2168649.0616,13
652742,-106.159113,31.536129,7,0,2103321.7742,2168649.0616,13
652743,-106.127675,31.536907,7,0,2106321.7742,2168649.0616,13
653774,-107.008852,31.539810,7,0,2022321.7742,2171649.0616,13
653775,-106.977420,31.540747,7,0,2025321.7742,2171649.0616,13
653776,-106.945987,31.541679,7,0,2028321.7742,2171649.0616,13
653777,-106.914554,31.542605,7,0,2031321.7742,2171649.0616,13
653778,-106.883120,31.543525,7,0,2034321.7742,2171649.0616,13
653779,-106.851686,31.544439,7,0,2037321.7742,2171649.0616,13
653780,-106.820252,31.545347,7,0,2040321.7742,2171649.0616,13
653781,-106.788817,31.546249,7,0,2043321.7742,2171649.0616,13
653782,-106.757381,31.547145,7,0,2046321.7742,2171649.0616,13
653783,-106.725945,31.548036,7,0,2049321.7742,2171649.0616,13
653784,-106.694509,31.548920,7,0,2052321.7742,2171649.0616,13
653785,-106.663072,31.549799,7,6,2055321.7742,2171649.0616,13
653786,-106.631635,31.550671,7,6,2058321.7742,2171649.0616,13
653787,-106.600197,31.551538,7,0,2061321.7742,2171649.0616,13
653788,-106.568759,31.552399,7,0,2064321.7742,2171649.0616,13
653789,-106.537321,31.553254,7,0,2067321.7742,2171649.0616,13
653790,-106.505882,31.554103,7,0,2070321.7742,2171649.0616,13
653791,-106.474442,31.554946,7,13,2073321.7742,2171649.0616,13
653792,-106.443002,31.555783,7,0,2076321.7742,2171649.0616,13
653793,-106.411562,31.556615,7,1084,2079321.7742,2171649.0616,13
653794,-106.380121,31.557440,7,7588,2082321.7742,2171649.0616,13
653795,-106.348680,31.558260,7,24564,2085321.7742,2171649.0616,13
653796,-106.317239,31.559073,7,1685,2088321.7742,2171649.0616,13
653797,-106.285797,31.559881,7,1621,2091321.7742,2171649.0616,13
653798,-106.254354,31.560683,7,0,2094321.7742,2171649.0616,13
653799,-106.222911,31.561479,7,0,2097321.7742,2171649.0616,13
653800,-106.191468,31.562269,7,0,2100321.7742,2171649.0616,13
653801,-106.160025,31.563053,7,0,2103321.7742,2171649.0616,13
653802,-106.128581,31.563831,7,0,2106321.7742,2171649.0616,13
654833,-107.009950,31.566729,7,0,2022321.7742,2174649.0616,13
654834,-106.978511,31.567666,7,0,2025321.7742,2174649.0616,13
654835,-106.947072,31.568598,7,0,2028321.7742,2174649.0616,13
654836,-106.915632,31.569524,7,0,2031321.7742,2174649.0616,13
654837,-106.884191,31.570444,7,0,2034321.7742,2174649.0616,13
654838,-106.852750,31.571358,7,0,2037321.7742,2174649.0616,13
654839,-106.821309,31.572267,7,0,2040321.7742,2174649.0616,13
654840,-106.789867,31.573169,7,0,2043321.7742,2174649.0616,13
654841,-106.758425,31.574065,7,0,2046321.7742,2174649.0616,13
654842,-106.726982,31.574956,7,0,2049321.7742,2174649.0616,13
654843,-106.695539,31.575840,7,0,2052321.7742,2174649.0616,13
654844,-106.664095,31.576719,7,0,2055321.7742,2174649.0616,13
654845,-106.632651,31.577592,7,0,2058321.7742,2174649.0616,13
654846,-106.601206,31.578459,7,6,2061321.7742,2174649.0616,13
654847,-106.569761,31.579320,7,9,2064321.7742,2174649.0616,13
654848,-106.538316,31.580175,7,220,2067321.7742,2174649.0616,13
654849,-106.506870,31.581024,7,174,2070321.7742,2174649.0616,13
654850,-106.475424,31.581867,7,619,2073321.7742,2174649.0616,13
654851,-106.443977,31.582705,7,449,2076321.7742,2174649.0616,13
654852,-106.412530,31.583536,7,27708,2079321.7742,2174649.0616,13
654853,-106.381082,31.584362,7,45392,2082321.7742,2174649.0616,13
654854,-106.349634,31.585181,7,33309,2085321.7742,2174649.0616,13
654855,-106.318186,31.585995,7,11753,2088321.7742,2174649.0616,13
654856,-106.286737,31.586803,7,3316,2091321.7742,2174649.0616,13
654857,-106.255287,31.587605,7,0,2094321.7742,2174649.0616,13
654858,-106.223838,31.588401,7,0,2097321.7742,2174649.0616,13
654859,-106.192388,31.589191,7,0,2100321.7742,2174649.0616,13
654860,-106.160937,31.589975,7,0,2103321.7742,2174649.0616,13
654861,-106.129486,31.590754,7,0,2106321.7742,2174649.0616,13
655892,-107.011049,31.593646,7,0,2022321.7742,2177649.0616,13
655893,-106.979603,31.594584,7,0,2025321.7742,2177649.0616,13
655894,-106.948157,31.595515,7,0,2028321.7742,2177649.0616,13
655895,-106.916710,31.596442,7,0,2031321.7742,2177649.0616,13
655896,-106.885263,31.597362,7,0,2034321.7742,2177649.0616,13
655897,-106.853815,31.598276,7,0,2037321.7742,2177649.0616,13
655898,-106.822367,31.599184,7,0,2040321.7742,2177649.0616,13
655899,-106.790918,31.600087,7,0,2043321.7742,2177649.0616,13
655900,-106.759469,31.600983,7,0,2046321.7742,2177649.0616,13
655901,-106.728019,31.601874,7,0,2049321.7742,2177649.0616,13
655902,-106.696569,31.602759,7,0,2052321.7742,2177649.0616,13
655903,-106.665118,31.603637,7,0,2055321.7742,2177649.0616,13
655904,-106.633667,31.604510,7,17,2058321.7742,2177649.0616,13
655905,-106.602216,31.605377,7,259,2061321.7742,2177649.0616,13
655906,-106.570764,31.606239,7,2651,2064321.7742,2177649.0616,13
655907,-106.539311,31.607094,7,6570,2067321.7742,2177649.0616,13
655908,-106.507859,31.607943,7,1607,2070321.7742,2177649.0616,13
655909,-106.476405,31.608786,7,10255,2073321.7742,2177649.0616,13
655910,-106.444952,31.609624,7,12874,2076321.7742,2177649.0616,13
655911,-106.413498,31.610455,7,42693,2079321.7742,2177649.0616,13
655912,-106.382043,31.611281,7,55332,2082321.7742,2177649.0616,13
655913,-106.350588,31.612101,7,57883,2085321.7742,2177649.0616,13
655914,-106.319133,31.612915,7,32288,2088321.7742,2177649.0616,13
655915,-106.287677,31.613723,7,1389,2091321.7742,2177649.0616,13
655916,-106.256221,31.614525,7,0,2094321.7742,2177649.0616,13
655917,-106.224764,31.615321,7,0,2097321.7742,2177649.0616,13
655918,-106.193307,31.616111,7,0,2100321.7742,2177649.0616,13
655919,-106.161850,31.616896,7,0,2103321.7742,2177649.0616,13
655920,-106.130392,31.617674,7,0,2106321.7742,2177649.0616,13
656951,-107.012149,31.620561,7,0,2022321.7742,2180649.0616,13
656952,-106.980696,31.621499,7,0,2025321.7742,2180649.0616,13
656953,-106.949242,31.622431,7,0,2028321.7742,2180649.0616,13
656954,-106.917789,31.623357,7,0,2031321.7742,2180649.0616,13
656955,-106.886334,31.624277,7,0,2034321.7742,2180649.0616,13
656956,-106.854880,31.625192,7,0,2037321.7742,2180649.0616,13
656957,-106.823425,31.626100,7,0,2040321.7742,2180649.0616,13
656958,-106.791969,31.627003,7,0,2043321.7742,2180649.0616,13
656959,-106.760513,31.627899,7,0,2046321.7742,2180649.0616,13
656960,-106.729056,31.628790,7,0,2049321.7742,2180649.0616,13
656961,-106.697599,31.629675,7,0,2052321.7742,2180649.0616,13
656962,-106.666142,31.630554,7,0,2055321.7742,2180649.0616,13
656963,-106.634684,31.631427,7,3,2058321.7742,2180649.0616,13
656964,-106.603226,31.632294,7,107,2061321.7742,2180649.0616,13
656965,-106.571767,31.633155,7,854,2064321.7742,2180649.0616,13
656966,-106.540308,31.634011,7,105,2067321.7742,2180649.0616,13
656967,-106.508848,31.634860,7,23,2070321.7742,2180649.0616,13
656968,-106.477388,31.635704,7,6189,2073321.7742,2180649.0616,13
656969,-106.445927,31.636541,7,18470,2076321.7742,2180649.0616,13
656970,-106.414466,31.637373,7,53927,2079321.7742,2180649.0616,13
656971,-106.383005,31.638199,7,72007,2082321.7742,2180649.0616,13
656972,-106.351543,31.639019,7,33540,2085321.7742,2180649.0616,13
656973,-106.320081,31.639833,7,9598,2088321.7742,2180649.0616,13
656974,-106.288618,31.640641,7,0,2091321.7742,2180649.0616,13
656975,-106.257155,31.641443,7,0,2094321.7742,2180649.0616,13
656976,-106.225692,31.642239,7,0,2097321.7742,2180649.0616,13
656977,-106.194228,31.643029,7,0,2100321.7742,2180649.0616,13
656978,-106.162763,31.643814,7,0,2103321.7742,2180649.0616,13
656979,-106.131299,31.644592,7,0,2106321.7742,2180649.0616,13
658010,-107.013248,31.647474,7,0,2022321.7742,2183649.0616,13
658011,-106.981789,31.648412,7,0,2025321.7742,2183649.0616,13
658012,-106.950329,31.649344,7,0,2028321.7742,2183649.0616,13
658013,-106.918868,31.650270,7,0,2031321.7742,2183649.0616,13
658014,-106.887407,31.651191,7,0,2034321.7742,2183649.0616,13
658015,-106.855945,31.652105,7,0,2037321.7742,2183649.0616,13
658016,-106.824483,31.653014,7,0,2040321.7742,2183649.0616,13
658017,-106.793021,31.653917,7,0,2043321.7742,2183649.0616,13
658018,-106.761558,31.654813,7,0,2046321.7742,2183649.0616,13
658019,-106.730094,31.655704,7,0,2049321.7742,2183649.0616,13
658020,-106.698630,31.656589,7,0,2052321.7742,2183649.0616,13
658021,-106.667166,31.657468,7,0,2055321.7742,2183649.0616,13
658022,-106.635701,31.658341,7,3,2058321.7742,2183649.0616,13
658023,-106.604236,31.659209,7,4,2061321.7742,2183649.0616,13
658024,-106.572770,31.660070,7,0,2064321.7742,2183649.0616,13
658025,-106.541304,31.660926,7,0,2067321.7742,2183649.0616,13
658026,-106.509837,31.661775,7,637,2070321.7742,2183649.0616,13
658027,-106.478370,31.662619,7,44432,2073321.7742,2183649.0616,13
658028,-106.446903,31.663457,7,52525,2076321.7742,2183649.0616,13
658029,-106.415435,31.664288,7,50583,2079321.7742,2183649.0616,13
658030,-106.383967,31.665114,7,35395,2082321.7742,2183649.0616,13
658031,-106.352498,31.665934,7,12791,2085321.7742,2183649.0616,13
658032,-106.321029,31.666748,7,20,2088321.7742,2183649.0616,13
658033,-106.289559,31.667557,7,0,2091321.7742,2183649.0616,13
658034,-106.258089,31.668359,7,0,2094321.7742,2183649.0616,13
658035,-106.226619,31.669155,7,0,2097321.7742,2183649.0616,13
658036,-106.195148,31.669946,7,0,2100321.7742,2183649.0616,13
658037,-106.163677,31.670730,7,0,2103321.7742,2183649.0616,13
658038,-106.132206,31.671509,7,0,2106321.7742,2183649.0616,13
659069,-107.014349,31.674385,7,0,2022321.7742,2186649.0616,13
659070,-106.982882,31.675323,7,0,2025321.7742,2186649.0616,13
659071,-106.951415,31.676255,7,0,2028321.7742,2186649.0616,13
659072,-106.919948,31.677182,7,0,2031321.7742,2186649.0616,13
659073,-106.888480,31.678102,7,0,2034321.7742,2186649.0616,13
659074,-106.857011,31.679017,7,0,2037321.7742,2186649.0616,13
659075,-106.825542,31.679926,7,0,2040321.7742,2186649.0616,13
659076,-106.794073,31.680829,7,0,2043321.7742,2186649.0616,13
659077,-106.762603,31.681725,7,0,2046321.7742,2186649.0616,13
659078,-106.731132,31.682616,7,0,2049321.7742,2186649.0616,13
659079,-106.699662,31.683502,7,0,2052321.7742,2186649.0616,13
659080,-106.668190,31.684381,7,0,2055321.7742,2186649.0616,13
659081,-106.636719,31.685254,7,0,2058321.7742,2186649.0616,13
659082,-106.605247,31.686121,7,0,2061321.7742,2186649.0616,13
659083,-106.573774,31.686983,7,0,2064321.7742,2186649.0616,13
659084,-106.542301,31.687839,7,0,2067321.7742,2186649.0616,13
659085,-106.510827,31.688688,7,3920,2070321.7742,2186649.0616,13
659086,-106.479354,31.689532,7,45212,2073321.7742,2186649.0616,13
659087,-106.447879,31.690370,7,48800,2076321.7742,2186649.0616,13
659088,-106.416404,31.691202,7,33415,2079321.7742,2186649.0616,13
659089,-106.384929,31.692028,7,17013,2082321.7742,2186649.0616,13
659090,-106.353454,31.692848,7,8370,2085321.7742,2186649.0616,13
659091,-106.321978,31.693662,7,0,2088321.7742,2186649.0616,13
659092,-106.290501,31.694471,7,0,2091321.7742,2186649.0616,13
659093,-106.259024,31.695273,7,0,2094321.7742,2186649.0616,13
659094,-106.227547,31.696069,7,0,2097321.7742,2186649.0616,13
659095,-106.196069,31.696860,7,0,2100321.7742,2186649.0616,13
659096,-106.164591,31.697645,7,0,2103321.7742,2186649.0616,13
659097,-106.133113,31.698423,7,0,2106321.7742,2186649.0616,13
660128,-107.015450,31.701294,7,0,2022321.7742,2189649.0616,13
660129,-106.983976,31.702232,7,0,2025321.7742,2189649.0616,13
660130,-106.952502,31.703165,7,0,2028321.7742,2189649.0616,13
660131,-106.921028,31.704091,7,0,2031321.7742,2189649.0616,13
660132,-106.889553,31.705012,7,0,2034321.7742,2189649.0616,13
660133,-106.858077,31.705927,7,0,2037321.7742,2189649.0616,13
660134,-106.826602,31.706836,7,0,2040321.7742,2189649.0616,13
660135,-106.795125,31.707738,7,0,2043321.7742,2189649.0616,13
660136,-106.763648,31.708636,7,0,2046321.7742,2189649.0616,13
660137,-106.732171,31.709527,7,0,2049321.7742,2189649.0616,13
660138,-106.700694,31.710412,7,0,2052321.7742,2189649.0616,13
660139,-106.669215,31.711291,7,0,2055321.7742,2189649.0616,13
660140,-106.637737,31.712165,7,0,2058321.7742,2189649.0616,13
660141,-106.606258,31.713032,7,0,2061321.7742,2189649.0616,13
660142,-106.574778,31.713894,7,2,2064321.7742,2189649.0616,13
660143,-106.543298,31.714750,7,8631,2067321.7742,2189649.0616,13
660144,-106.511818,31.715599,7,46734,2070321.7742,2189649.0616,13
660145,-106.480337,31.716443,7,52996,2073321.7742,2189649.0616,13
660146,-106.448856,31.717281,7,41499,2076321.7742,2189649.0616,13
660147,-106.417374,31.718113,7,20547,2079321.7742,2189649.0616,13
660148,-106.385892,31.718939,7,12188,2082321.7742,2189649.0616,13
660149,-106.354410,31.719760,7,168,2085321.7742,2189649.0616,13
660150,-106.322927,31.720574,7,0,2088321.7742,2189649.0616,13
660151,-106.291443,31.721382,7,0,2091321.7742,2189649.0616,13
660152,-106.259959,31.722185,7,0,2094321.7742,2189649.0616,13
660153,-106.228475,31.722982,7,0,2097321.7742,2189649.0616,13
660154,-106.196991,31.723772,7,0,2100321.7742,2189649.0616,13
660155,-106.165506,31.724557,7,0,2103321.7742,2189649.0616,13
660156,-106.134020,31.725336,7,0,2106321.7742,2189649.0616,13
661187,-107.016551,31.728201,7,0,2022321.7742,2192649.0616,13
661188,-106.985071,31.729139,7,0,2025321.7742,2192649.0616,13
661189,-106.953590,31.730072,7,0,2028321.7742,2192649.0616,13
661190,-106.922108,31.730999,7,0,2031321.7742,2192649.0616,13
661191,-106.890627,31.731919,7,0,2034321.7742,2192649.0616,13
661192,-106.859144,31.732834,7,0,2037321.7742,2192649.0616,13
661193,-106.827661,31.733743,7,0,2040321.7742,2192649.0616,13
661194,-106.796178,31.734646,7,0,2043321.7742,2192649.0616,13
661195,-106.764695,31.735544,7,0,2046321.7742,2192649.0616,13
661196,-106.733210,31.736435,7,0,2049321.7742,2192649.0616,13
661197,-106.701726,31.737320,7,0,2052321.7742,2192649.0616,13
661198,-106.670241,31.738200,7,0,2055321.7742,2192649.0616,13
661199,-106.638755,31.739073,7,0,2058321.7742,2192649.0616,13
661200,-106.607269,31.739941,7,0,2061321.7742,2192649.0616,13
661201,-106.575783,31.740803,7,0,2064321.7742,2192649.0616,13
661202,-106.544296,31.741659,7,18233,2067321.7742,2192649.0616,13
661203,-106.512809,31.742509,7,64611,2070321.7742,2192649.0616,13
661204,-106.481321,31.743353,7,32632,2073321.7742,2192649.0616,13
661205,-106.449833,31.744191,7,20283,2076321.7742,2192649.0616,13
661206,-106.418344,31.745023,7,20790,2079321.7742,2192649.0616,13
661207,-106.386855,31.745849,7,5248,2082321.7742,2192649.0616,13
661208,-106.355366,31.746669,7,0,2085321.7742,2192649.0616,13
661209,-106.323876,31.747484,7,0,2088321.7742,2192649.0616,13
661210,-106.292386,31.748292,7,0,2091321.7742,2192649.0616,13
661211,-106.260895,31.749095,7,0,2094321.7742,2192649.0616,13
661212,-106.229404,31.749892,7,0,2097321.7742,2192649.0616,13
661213,-106.197913,31.750683,7,0,2100321.7742,2192649.0616,13
661214,-106.166421,31.751468,7,0,2103321.7742,2192649.0616,13
661215,-106.134928,31.752247,7,0,2106321.7742,2192649.0616,13
662246,-107.017653,31.755106,7,0,2022321.7742,2195649.0616,13
662247,-106.986165,31.756044,7,0,2025321.7742,2195649.0616,13
662248,-106.954678,31.756977,7,0,2028321.7742,2195649.0616,13
662249,-106.923189,31.757904,7,0,2031321.7742,2195649.0616,13
662250,-106.891701,31.758825,7,0,2034321.7742,2195649.0616,13
662251,-106.860212,31.759740,7,0,2037321.7742,2195649.0616,13
662252,-106.828722,31.760649,7,0,2040321.7742,2195649.0616,13
662253,-106.797232,31.761552,7,0,2043321.7742,2195649.0616,13
662254,-106.765741,31.762450,7,0,2046321.7742,2195649.0616,13
662255,-106.734250,31.763341,7,0,2049321.7742,2195649.0616,13
662256,-106.702759,31.764227,7,0,2052321.7742,2195649.0616,13
662257,-106.671267,31.765106,7,0,2055321.7742,2195649.0616,13
662258,-106.639774,31.765980,7,0,2058321.7742,2195649.0616,13
662259,-106.608281,31.766848,7,0,2061321.7742,2195649.0616,13
662260,-106.576788,31.767710,7,7433,2064321.7742,2195649.0616,13
662261,-106.545294,31.768566,7,13999,2067321.7742,2195649.0616,13
662262,-106.513800,31.769416,7,18377,2070321.7742,2195649.0616,13
662263,-106.482305,31.770260,7,0,2073321.7742,2195649.0616,13
662264,-106.450810,31.771098,7,0,2076321.7742,2195649.0616,13
662265,-106.419315,31.771930,7,0,2079321.7742,2195649.0616,13
662266,-106.387819,31.772757,7,0,2082321.7742,2195649.0616,13
662267,-106.356323,31.773577,7,0,2085321.7742,2195649.0616,13
662268,-106.324826,31.774392,7,0,2088321.7742,2195649.0616,13
662269,-106.293329,31.775200,7,0,2091321.7742,2195649.0616,13
662270,-106.261831,31.776003,7,0,2094321.7742,2195649.0616,13
662271,-106.230333,31.776800,7,0,2097321.7742,2195649.0616,13
662272,-106.198835,31.777591,7,0,2100321.7742,2195649.0616,13
662273,-106.167336,31.778376,7,0,2103321.7742,2195649.0616,13
662274,-106.135837,31.779155,7,0,2106321.7742,2195649.0616,13
663305,-107.018755,31.782009,7,0,2022321.7742,2198649.0616,13
663306,-106.987261,31.782948,7,0,2025321.7742,2198649.0616,13
663307,-106.955766,31.783881,7,0,2028321.7742,2198649.0616,13
663308,-106.924271,31.784808,7,0,2031321.7742,2198649.0616,13
663309,-106.892775,31.785729,7,0,2034321.7742,2198649.0616,13
663310,-106.861279,31.786644,7,0,2037321.7742,2198649.0616,13
663311,-106.829783,31.787553,7,0,2040321.7742,2198649.0616,13
663312,-106.798286,31.788457,7,0,2043321.7742,2198649.0616,13
663313,-106.766788,31.789354,7,0,2046321.7742,2198649.0616,13
663314,-106.735290,31.790246,7,0,2049321.7742,2198649.0616,13
663315,-106.703792,31.791131,7,0,2052321.7742,2198649.0616,13
663316,-106.672293,31.792011,7,0,2055321.7742,2198649.0616,13
663317,-106.640794,31.792885,7,0,2058321.7742,2198649.0616,13
663318,-106.609294,31.793753,7,0,2061321.7742,2198649.0616,13
663319,-106.577794,31.794615,7,1282,2064321.7742,2198649.0616,13
663320,-106.546293,31.795471,7,610,2067321.7742,2198649.0616,13
663321,-106.514792,31.796321,7,0,2070321.7742,2198649.0616,13
663322,-106.483290,31.797165,7,0,2073321.7742,2198649.0616,13
663323,-106.451788,31.798003,7,0,2076321.7742,2198649.0616,13
663324,-106.420286,31.798836,7,0,2079321.7742,2198649.0616,13
663325,-106.388783,31.799662,7,0,2082321.7742,2198649.0616,13
663326,-106.357280,31.800483,7,0,2085321.7742,2198649.0616,13
663327,-106.325776,31.801298,7,0,2088321.7742,2198649.0616,13
663328,-106.294272,31.802106,7,0,2091321.7742,2198649.0616,13
663329,-106.262768,31.802909,7,0,2094321.7742,2198649.0616,13
663330,-106.231263,31.803706,7,0,2097321.7742,2198649.0616,13
663331,-106.199757,31.804497,7,0,2100321.7742,2198649.0616,13
663332,-106.168252,31.805282,7,0,2103321.7742,2198649.0616,13
663333,-106.136746,31.806062,7,0,2106321.7742,2198649.0616,13